[
  {
    "id": 2001,
    "name": "FastLogistics",
    "city": "Riga",
    "description": "Regional freight carrier",
    "open_vacancies": 2
  },
  {
    "id": 2002,
    "name": "CityTaxiCo",
    "city": "Tallinn",
    "description": "Urban taxi operator",
    "open_vacancies": 3
  },
  {
    "id": 2003,
    "name": "QuickCouriers",
    "city": "Vilnius",
    "description": "Same-day courier service",
    "open_vacancies": 1
  },
  {
    "id": 2004,
    "name": "MetroBus",
    "city": "Berlin",
    "description": "Public transport operator",
    "open_vacancies": 2
  },
  {
    "id": 2005,
    "name": "TransEurope",
    "city": "Warsaw",
    "description": "International trucking company",
    "open_vacancies": 4
  },
  {
    "id": 2006,
    "name": "ExpressMove",
    "city": "Prague",
    "description": "Logistics and warehousing",
    "open_vacancies": 1
  },
  {
    "id": 2007,
    "name": "RigaDeliveries",
    "city": "Riga",
    "description": "Local delivery service",
    "open_vacancies": 2
  },
  {
    "id": 2008,
    "name": "NorthFreight",
    "city": "Hamburg",
    "description": "Freight forwarding",
    "open_vacancies": 3
  },
  {
    "id": 2009,
    "name": "StockholmTransit",
    "city": "Stockholm",
    "description": "Bus operator",
    "open_vacancies": 2
  },
  {
    "id": 2010,
    "name": "ParisRide",
    "city": "Paris",
    "description": "Taxi and shuttle services",
    "open_vacancies": 2
  }
]