[
  {
    "id": 1001,
    "name": "Ivan Petrov",
    "age": 38,
    "experience": 12,
    "categories": [
      "C",
      "E"
    ],
    "languages": [
      "ru",
      "en"
    ],
    "location": "Riga",
    "rating": 4.5,
    "description": "Experienced truck driver.",
    "photo": ""
  },
  {
    "id": 1002,
    "name": "John Smith",
    "age": 29,
    "experience": 6,
    "categories": [
      "B"
    ],
    "languages": [
      "en"
    ],
    "location": "Tallinn",
    "rating": 4.2,
    "description": "Taxi driver.",
    "photo": ""
  },
  {
    "id": 1003,
    "name": "Carlos Diaz",
    "age": 34,
    "experience": 8,
    "categories": [
      "B"
    ],
    "languages": [
      "en",
      "es"
    ],
    "location": "Vilnius",
    "rating": 4.3,
    "description": "Courier.",
    "photo": ""
  },
  {
    "id": 1004,
    "name": "Anna M\u00fcller",
    "age": 45,
    "experience": 20,
    "categories": [
      "D"
    ],
    "languages": [
      "de",
      "en"
    ],
    "location": "Berlin",
    "rating": 4.7,
    "description": "Bus driver.",
    "photo": ""
  },
  {
    "id": 1005,
    "name": "Luca Rossi",
    "age": 31,
    "experience": 9,
    "categories": [
      "C"
    ],
    "languages": [
      "it",
      "en"
    ],
    "location": "Warsaw",
    "rating": 4.4,
    "description": "Haulage.",
    "photo": ""
  },
  {
    "id": 1006,
    "name": "Marek Novak",
    "age": 27,
    "experience": 4,
    "categories": [
      "B"
    ],
    "languages": [
      "cs",
      "en"
    ],
    "location": "Prague",
    "rating": 4.1,
    "description": "Taxi.",
    "photo": ""
  },
  {
    "id": 1007,
    "name": "Olga Ivanova",
    "age": 41,
    "experience": 15,
    "categories": [
      "B"
    ],
    "languages": [
      "ru",
      "en"
    ],
    "location": "Riga",
    "rating": 4.6,
    "description": "Courier.",
    "photo": ""
  },
  {
    "id": 1008,
    "name": "Tom Brown",
    "age": 36,
    "experience": 11,
    "categories": [
      "C"
    ],
    "languages": [
      "en"
    ],
    "location": "Hamburg",
    "rating": 4.3,
    "description": "Freight driver.",
    "photo": ""
  },
  {
    "id": 1009,
    "name": "Sven Johansson",
    "age": 50,
    "experience": 28,
    "categories": [
      "D"
    ],
    "languages": [
      "sv",
      "en"
    ],
    "location": "Stockholm",
    "rating": 4.8,
    "description": "Senior bus driver.",
    "photo": ""
  },
  {
    "id": 1010,
    "name": "Pierre Martin",
    "age": 33,
    "experience": 7,
    "categories": [
      "B"
    ],
    "languages": [
      "fr",
      "en"
    ],
    "location": "Paris",
    "rating": 4.2,
    "description": "Taxi driver.",
    "photo": ""
  }
]